<T3DataStructure>
    <sheets>
        <sDEF>
            <ROOT>
                <TCEforms>
                    <sheetTitle>Settings</sheetTitle>
                </TCEforms>
                <type>array</type>
                <el>
                    <settings.publisher>
                        <TCEforms>
                            <label>Publisher</label>
                            <config>
                                <type>select</type>
                                <renderType>selectSingle</renderType>
                                <foreign_table>tx_games_domain_model_publisher</foreign_table>
                                <items>
                                    <numIndex index="1">
                                        <numIndex index="0"></numIndex>
                                        <numIndex index="1"></numIndex>
                                    </numIndex>
                                </items>
                            </config>
                        </TCEforms>
                    </settings.publisher>
                </el>
            </ROOT>
        </sDEF>
    </sheets>
</T3DataStructure>
